{
    "loss": 2.7780447006225586,
    "accuracy": 0.6380952596664429
}