{
    "loss": 9.635744094848633,
    "accuracy": 0.4253968298435211
}